emails,hashed passwod
zimbradomainadmins@pscr.mail.com,e1NTSEE1MTJ9dkxiTUg1ekFNbUJyZGU3NDFIWVpYb242SDhoTWpxQmJxNTZuQzY
zimbradladmins@pscr.mail.com,e1NTSEE1MTJ9dkxiTUg1ekFNbUJyZGU3NDFIWVpYb242SDhoTWpxQmJxNTZuQzY
admin@pscr.mail.com,e1NTSEE1MTJ9dkxiTUg1ekFNbUJyZGU3NDFIWVpYb242SDhoTWpxQmJxNTZuQzY
root@pscr.mail.com,e1NTSEE1MTJ9dkxiTUg1ekFNbUJyZGU3NDFIWVpYb242SDhoTWpxQmJxNTZuQzY
postmaster@pscr.mail.com,e1NTSEE1MTJ9dkxiTUg1ekFNbUJyZGU3NDFIWVpYb242SDhoTWpxQmJxNTZuQzY
ch@pscr.mail.com,e1NTSEE1MTJ9dkxiTUg1ekFNbUJyZGU3NDFIWVpYb242SDhoTWpxQmJxNTZuQzY
spam.wd22mciad@pscr.mail.com,e1NTSEE1MTJ9K3ErQ1hRa3phSUtxTTZlZ2YrRVpOOXFyV3V5cVd6RjNCYnUwTmJ
ham.xtphg6ym5@pscr.mail.com,e1NTSEE1MTJ9Ym0yMlZDVmRhd2dadXpydTc5YnN2VUZwanpXRXBack94UmZzOVJ
virus-quarantine.htdi7zj6@pscr.mail.com,e1NTSEE1MTJ9ZVEyVXVJc094bWJhb0N4YXFZOHVJV3VwbkRaYzlyMzM1NlphVFR
galsync.awdvy5xe8g@pscr.mail.com,e1NTSEE1MTJ9K3B5QmdHTlJlQms4akNTMURKMUt3TkJOaDFlZ2dCNkNwZkVuU0V
account@pscr.mail.com,e1NTSEE1MTJ9K3B5QmdHTlJlQms4akNTMURKMUt3TkJOaDFlZ2dCNkNwZkVuU0V
galsync@mail.pscr.com,e1NTSEE1MTJ9YXVydXBXaHJwcnduTCtEMHE1SWJFQjFTSXhlUEx0SjUyZ1VLTUx
account@mail.pscr.com,e1NTSEE1MTJ9YXVydXBXaHJwcnduTCtEMHE1SWJFQjFTSXhlUEx0SjUyZ1VLTUx
account-20241029@pscr.mail.com.archive,e1NTSEE1MTJ9amIxQ3pSTHdJek9WZUNxT05ncUxsckV0MEtKYXZhbmlkNmZLWVg
helloworld@pscr.mail.com,e1NTSEE1MTJ9amIxQ3pSTHdJek9WZUNxT05ncUxsckV0MEtKYXZhbmlkNmZLWVg
account4@pscr.mail.com,e1NTSEE1MTJ9VnN0WmVzMk9zMmtDSTBTZHRYMS9BTDlUdlpYSmtlUFV1Z2I5Ly9
user1@pscr.mail.com,e1NTSEE1MTJ9Yndxbi9Mb0c2ajBITGNzYWRxOFk1NkNKQ0FuWkxlYng2QW1iRjZ
user2@pscr.mail.com,e1NTSEE1MTJ9Y0FobUhvckVndzJwL2ZoaiswcGxENUJXUFNxeWJaZS80MUpBdkJ
user3@pscr.mail.com,e1NTSEE1MTJ9TXNqVVVwL0tpbTcwMTdKTHlHK1VtUnEvUlphL0dFM05OeWk3RDd
user4@pscr.mail.com,e1NTSEE1MTJ9dStscTk3dG1ZZWRzSEFVU3g0RFdhVlBnbFArZGVvaU1XbytnS0F
dsaf1@pscr.mail.com,e1NTSEE1MTJ9ejFPYjNNVGIzZkszenM5VFlEbUV3OXkxbk84aTFrcVRuSkZNY1Q
dsaf2@pscr.mail.com,e1NTSEE1MTJ9T0E1TXBFOVRaV3NrMENHcW9LMFJLVHlnNktqbzExVXAzSHZMUmd
dsaf3@pscr.mail.com,e1NTSEE1MTJ9S3BlNUphZEJNSHFVeDhDZXl4V29ucjlYUFRFOW9PL1JqWER4c3Z
dsaf4@pscr.mail.com,e1NTSEE1MTJ9VmxEeWI2OU5CZERLbmhqQktEWWx1aWI0TTlrYnptM29OdlRzVFE
uyu1@pscr.mail.com,e1NTSEE1MTJ9Q2FZbGR6T2pJUTVPSlRBbFgvdDljS2FpWEJjYi9TYmYzRVZnOHM
uyu2@pscr.mail.com,e1NTSEE1MTJ9Y216Y0I4c1NlRGpiWUxZZ1FKeHh1SmZ5aTZVZjdneEJEREFGY3p
uyu4@pscr.mail.com,e1NTSEE1MTJ9RFE3cnk5K3lYbGpUb296ZEs3TmNRL2N2cWMwSTlFSnJXOEhmTjZ
uyu3@pscr.mail.com,e1NTSEE1MTJ9emFsdEpzdldCSHpSeWxxdDYwamNkOWV1RFdVdDRJT3crZm9xeHc
uyu5@pscr.mail.com,e1NTSEE1MTJ9ek1uZ2xXYm1CRzZlSDZPUUN5cEt1VktIaklaeFJYbldyY2RrdVh
uyu6@pscr.mail.com,e1NTSEE1MTJ9dG9VTHBnclVKNE1PeXhueGdJVENHNkRqTjJpSnF1Q05LazUwYXZ
uyu7@pscr.mail.com,e1NTSEE1MTJ9Yi9YM0xzQzh0K0p0ZHo0d3UwTTBoQWhpMjBuWkg4Wk1abmYxYVh
uyu8@pscr.mail.com,e1NTSEE1MTJ9d3J1amVGV05CRVBTeU5FcUVXNmpJNEJEeFZJMEFHNVdiY0hWY2h
uyu9@pscr.mail.com,e1NTSEE1MTJ9bVJtUUlBYlAva293bjZOS1hFT3hnRlJRdUc5SklPVVdJdEZ6TUJ
tyt1@pscr.mail.com,e1NTSEE1MTJ9NHdYZE4rUTBhcDdkeGhMSlRpSnNFVkV0bDZKUmp2OG80Q2c5bGd
tut1@pscr.mail.com,e1NTSEE1MTJ9bHJXcXM2WEJsN2FUNHZYb2NQdjdKanV5cU9nNUN0blFFSDBITk9
tuds1@pscr.mail.com,e1NTSEE1MTJ9RTFxRFFzK3NVNzJZeUdndzRHbXVxT0tVeGJ1SHh1Ty9reVlPUnZ
tyrt1@pscr.mail.com,e1NTSEE1MTJ9MVB2UGNvdGM4c3hobG9LeFkya0duQU1mbXRjMEhHZ1FEN2xXMjN
users1@pscr.mail.com,e1NTSEE1MTJ9Vi9BMlZFb21tcFBiUTdsSm5PVzJuMkNHUXE0QUgyU2JidmhnVU9
users2@pscr.mail.com,e1NTSEE1MTJ9NE5CR0U2K211QjVZcWJhcG91VlVjaUpmbmxlNEJlQWx3ZCtoSml
users3@pscr.mail.com,e1NTSEE1MTJ9bm5kczlEWWdLcXNKeGJuMFROMGw4RVlreS9sSURCRWI5YVNkK0g
